,Title,genres,director_name,actor_name1,actor_name2,actor_name3,genres_director_actor
0,Underworld: Blood Wars,Fantasy Action Thriller Horror,Anna Foerster,Kate Beckinsale,Theo James,Lara Pulver,Kate Beckinsale Theo James Lara Pulver Anna Foerster Fantasy Action Thriller Horror
1,Arsenal,Thriller Crime,Steven C. Miller,Adrian Grenier,Johnathon Schaech,Nicolas Cage,Adrian Grenier Johnathon Schaech Nicolas Cage Steven C. Miller Thriller Crime
2,Between Us,Drama Adventure Romance,Rafael Palacio Illingworth,Olivia Thirlby,Ben Feldman,Adam Goldberg,Olivia Thirlby Ben Feldman Adam Goldberg Rafael Palacio Illingworth Drama Adventure Romance
3,Monster Trucks,Action Comedy Science Fiction,Chris Wedge,Lucas Till,Jane Levy,Amy Ryan,Lucas Till Jane Levy Amy Ryan Chris Wedge Action Comedy Science Fiction
4,The Bye Bye Man,Horror Thriller,Stacy Title,Douglas Smith,Doug Jones,Michael Trucco,Douglas Smith Doug Jones Michael Trucco Stacy Title Horror Thriller
5,Sleepless,Action Crime Thriller,Baran bo Odar,Jamie Foxx,Dermot Mulroney,"Tip ""T.I."" Harris","Jamie Foxx Dermot Mulroney Tip ""T.I."" Harris Baran bo Odar Action Crime Thriller"
6,100 Streets,Drama,Jim O'Hanlon,Idris Elba,Gemma Arterton,Charlie Creed-Miles,Idris Elba Gemma Arterton Charlie Creed-Miles Jim O'Hanlon Drama
7,The Book of Love,Comedy,Bill Purple,Jason Sudeikis,Jessica Biel,Maisie Williams,Jason Sudeikis Jessica Biel Maisie Williams Bill Purple Comedy
8,Split,Horror Thriller,M. Night Shyamalan,James McAvoy,Anya Taylor-Joy,Betty Buckley,James McAvoy Anya Taylor-Joy Betty Buckley M. Night Shyamalan Horror Thriller
9,XXX: Return of Xander Cage,Action Adventure Crime,D. J. Caruso,Vin Diesel,Samuel L. Jackson,Donnie Yen,Vin Diesel Samuel L. Jackson Donnie Yen D. J. Caruso Action Adventure Crime
10,The Resurrection of Gavin Stone,Comedy Drama,Dallas Jenkins,Brett Dalton,Anjelah Johnson,Neil Flynn,Brett Dalton Anjelah Johnson Neil Flynn Dallas Jenkins Comedy Drama
11,Trespass Against Us,Action Crime Drama,Adam Smith,Michael Fassbender,Brendan Gleeson,Lyndsey Marshal,Michael Fassbender Brendan Gleeson Lyndsey Marshal Adam Smith Action Crime Drama
12,Sophie and the Rising Sun,Drama,Maggie Greenwald,Julianne Nicholson,Margo Martindale,Lorraine Toussaint,Julianne Nicholson Margo Martindale Lorraine Toussaint Maggie Greenwald Drama
13,A Dog's Purpose,Adventure Comedy Fantasy Family Drama,Lasse Hallström,Britt Robertson,Dennis Quaid,Josh Gad,Britt Robertson Dennis Quaid Josh Gad Lasse Hallström Adventure Comedy Fantasy Family Drama
14,Resident Evil: The Final Chapter,Action Horror Science Fiction,Paul W. S. Anderson,Milla Jovovich,Ali Larter,Shawn Roberts,Milla Jovovich Ali Larter Shawn Roberts Paul W. S. Anderson Action Horror Science Fiction
15,Lost in Florence,Adventure Drama Romance,Evan Oppenheimer,Brett Dalton,Stana Katic,Alessandra Mastronardi,Brett Dalton Stana Katic Alessandra Mastronardi Evan Oppenheimer Adventure Drama Romance
16,I Am Michael,Drama,Justin Kelly,James Franco,Zachary Quinto,Emma Roberts,James Franco Zachary Quinto Emma Roberts Justin Kelly Drama
17,iBoy,Action Science Fiction,Adam Randall,Bill Milner,Maisie Williams,Miranda Richardson,Bill Milner Maisie Williams Miranda Richardson Adam Randall Action Science Fiction
18,Rings,Horror,F. Javier Gutiérrez,Matilda Lutz,Alex Roe,Johnny Galecki,Matilda Lutz Alex Roe Johnny Galecki F. Javier Gutiérrez Horror
19,The Space Between Us,Romance Adventure Science Fiction Drama,Peter Chelsom,Asa Butterfield,Britt Robertson,Gary Oldman,Asa Butterfield Britt Robertson Gary Oldman Peter Chelsom Romance Adventure Science Fiction Drama
20,Youth in Oregon,Comedy Drama,Joel David Moore,Frank Langella,Billy Crudup,Christina Applegate,Frank Langella Billy Crudup Christina Applegate Joel David Moore Comedy Drama
21,I Am Not Your Negro,Documentary,Raoul Peck,Samuel L. Jackson,,,
22,Growing Up Smith,Comedy Drama,Frank Lotito,Frank Lotito (director); Jason Lee,Anjul Nigam,Brighton Sharbino,Frank Lotito (director); Jason Lee Anjul Nigam Brighton Sharbino Frank Lotito Comedy Drama
23,The Lego Batman Movie,Animation Action Comedy Family,Chris McKay,Will Arnett,Zach Galifianakis,Michael Cera,Will Arnett Zach Galifianakis Michael Cera Chris McKay Animation Action Comedy Family
24,Fifty Shades Darker,Drama Romance,James Foley,Dakota Johnson,Jamie Dornan,Kim Basinger,Dakota Johnson Jamie Dornan Kim Basinger James Foley Drama Romance
25,John Wick: Chapter 2,Action Thriller Crime,Chad Stahelski,Keanu Reeves,Common,Bridget Moynahan,Keanu Reeves Common Bridget Moynahan Chad Stahelski Action Thriller Crime
26,Bornless Ones,Horror Mystery Thriller,Alexander Babaev,Michael Johnston,Margaret Judson,Bobby T,Michael Johnston Margaret Judson Bobby T Alexander Babaev Horror Mystery Thriller
27,The Great Wall,Action Adventure Fantasy,Zhang Yimou,Matt Damon,Jing Tian,Pedro Pascal,Matt Damon Jing Tian Pedro Pascal Zhang Yimou Action Adventure Fantasy
28,A Cure for Wellness,Horror Mystery Science Fiction Thriller,Gore Verbinski,Dane DeHaan,Mia Goth,Jason Isaacs,Dane DeHaan Mia Goth Jason Isaacs Gore Verbinski Horror Mystery Science Fiction Thriller
29,Fist Fight,Comedy,Richie Keen,Ice Cube,Charlie Day,Christina Hendricks,Ice Cube Charlie Day Christina Hendricks Richie Keen Comedy
30,American Fable,Drama Thriller,Anne Hamilton,Peyton Kennedy,Richard Schiff,Kip Pardue,Peyton Kennedy Richard Schiff Kip Pardue Anne Hamilton Drama Thriller
31,XX,Horror,"Jovanka Vuckovic, Annie Clark, Roxanne Benjamin, Karyn Kusama",Jovanka Vuckovic,Annie Clark,Roxanne Benjamin,"Jovanka Vuckovic Annie Clark Roxanne Benjamin Jovanka Vuckovic, Annie Clark, Roxanne Benjamin, Karyn Kusama Horror"
32,Lovesong,Drama Romance,So Yong Kim,So Yong Kim (director); Jena Malone,Riley Keough,Brooklyn Decker,So Yong Kim (director); Jena Malone Riley Keough Brooklyn Decker So Yong Kim Drama Romance
33,Get Out,Mystery Thriller Horror,Jordan Peele,Daniel Kaluuya,Allison Williams,Catherine Keener,Daniel Kaluuya Allison Williams Catherine Keener Jordan Peele Mystery Thriller Horror
34,Rock Dog,Animation Comedy Music Family,Ash Brannon,Luke Wilson,Eddie Izzard,J. K. Simmons,Luke Wilson Eddie Izzard J. K. Simmons Ash Brannon Animation Comedy Music Family
35,Collide,Thriller Action,Eran Creevy,Nicholas Hoult,Felicity Jones,Marwan Kenzari,Nicholas Hoult Felicity Jones Marwan Kenzari Eran Creevy Thriller Action
36,The Girl with All the Gifts,Drama Horror Thriller Science Fiction,Colm McCarthy,Gemma Arterton,Glenn Close,Paddy Considine,Gemma Arterton Glenn Close Paddy Considine Colm McCarthy Drama Horror Thriller Science Fiction
37,I Don't Feel at Home in This World Anymore,Thriller Drama Crime Comedy,Macon Blair,Melanie Lynskey,Elijah Wood,David Yow,Melanie Lynskey Elijah Wood David Yow Macon Blair Thriller Drama Crime Comedy
38,Contemporary Color,Documentary Music,"Turner Ross, Bill Ross IV",Turner Ross,Bill Ross IV (directors),,
39,Logan,Action Drama Science Fiction,James Mangold,Hugh Jackman,Patrick Stewart,Boyd Holbrook,Hugh Jackman Patrick Stewart Boyd Holbrook James Mangold Action Drama Science Fiction
40,The Shack,Drama Fantasy,Stuart Hazeldine,Sam Worthington,Avraham Aviv Alush,Radha Mitchell,Sam Worthington Avraham Aviv Alush Radha Mitchell Stuart Hazeldine Drama Fantasy
41,Before I Fall,Drama Mystery Thriller Fantasy,Ry Russo-Young,Zoey Deutch,Halston Sage,Logan Miller,Zoey Deutch Halston Sage Logan Miller Ry Russo-Young Drama Mystery Thriller Fantasy
42,Table 19,Comedy Drama,Jeffrey Blitz,Anna Kendrick,Amanda Crew,Stephen Merchant,Anna Kendrick Amanda Crew Stephen Merchant Jeffrey Blitz Comedy Drama
43,The Last Word,Comedy Drama,Mark Pellington,Shirley MacLaine,Amanda Seyfried,,
44,Catfight,Comedy Drama,Onur Tukel,Alicia Silverstone,Anne Heche,Sandra Oh,Alicia Silverstone Anne Heche Sandra Oh Onur Tukel Comedy Drama
45,Donald Cried,Drama Comedy,Kristopher Avedisian,Kristopher Avedisian,Jesse Wakeman,Louisa Krause,Kristopher Avedisian Jesse Wakeman Louisa Krause Kristopher Avedisian Drama Comedy
46,Kong: Skull Island,Action Adventure Fantasy,Jordan Vogt-Roberts,Tom Hiddleston,Brie Larson,Samuel L. Jackson,Tom Hiddleston Brie Larson Samuel L. Jackson Jordan Vogt-Roberts Action Adventure Fantasy
47,Burning Sands,Drama,Gerard McMurray,Trevor Jackson,Alfre Woodard,Steve Harris,Trevor Jackson Alfre Woodard Steve Harris Gerard McMurray Drama
48,Beauty and the Beast,Romance Family Animation Fantasy,Bill Condon,Emma Watson,Dan Stevens,Luke Evans,Emma Watson Dan Stevens Luke Evans Bill Condon Romance Family Animation Fantasy
49,The Belko Experiment,Horror Thriller,Greg McLean,John Gallagher Jr.,Tony Goldwyn,Adria Arjona,John Gallagher Jr. Tony Goldwyn Adria Arjona Greg McLean Horror Thriller
50,Song to Song,Drama Romance Music,Terrence Malick,Ryan Gosling,Michael Fassbender,Rooney Mara,Ryan Gosling Michael Fassbender Rooney Mara Terrence Malick Drama Romance Music
51,Atomica,Science Fiction Thriller,Dagen Merrill,Dominic Monaghan,Tom Sizemore,Sarah Habel,Dominic Monaghan Tom Sizemore Sarah Habel Dagen Merrill Science Fiction Thriller
52,All Nighter,Comedy,Gavin Wiesen,J. K. Simmons,Emile Hirsch,Analeigh Lipton,J. K. Simmons Emile Hirsch Analeigh Lipton Gavin Wiesen Comedy
53,The Devil's Candy,Horror Drama Mystery Thriller,Sean Byrne,Ethan Embry,Shiri Appleby,Kiara Glasco,Ethan Embry Shiri Appleby Kiara Glasco Sean Byrne Horror Drama Mystery Thriller
54,Power Rangers,Action Adventure Science Fiction,Dean Israelite,Dacre Montgomery,Naomi Scott,RJ Cyler,Dacre Montgomery Naomi Scott RJ Cyler Dean Israelite Action Adventure Science Fiction
55,Life,Horror Science Fiction Mystery Thriller,Daniel Espinosa,Jake Gyllenhaal,Rebecca Ferguson,Ryan Reynolds,Jake Gyllenhaal Rebecca Ferguson Ryan Reynolds Daniel Espinosa Horror Science Fiction Mystery Thriller
56,CHiPs,Action Comedy Crime,Dax Shepard,Dax Shepard,Michael Peña,Vincent D'Onofrio,Dax Shepard Michael Peña Vincent D'Onofrio Dax Shepard Action Comedy Crime
57,Wilson,Comedy Drama,Craig Johnson,Woody Harrelson,Laura Dern,Isabella Amara,Woody Harrelson Laura Dern Isabella Amara Craig Johnson Comedy Drama
58,Victor,Drama,Brandon Dickerson,Patrick Davis,Nick Eversman,Cortney Palm,Patrick Davis Nick Eversman Cortney Palm Brandon Dickerson Drama
59,Car Dogs,Drama Comedy,Adam Collis,Patrick J. Adams,George Lopez,Nia Vardalos,Patrick J. Adams George Lopez Nia Vardalos Adam Collis Drama Comedy
60,Walk of Fame,Comedy,Jesse Thomas,Scott Eastwood,Malcolm McDowell,Chris Kattan,Scott Eastwood Malcolm McDowell Chris Kattan Jesse Thomas Comedy
61,The Marine 5: Battleground,Action,James Nunn,"Mike ""The Miz"" Mizanin",Maryse Ouellet Mizanin,Curtis Axel,"Mike ""The Miz"" Mizanin Maryse Ouellet Mizanin Curtis Axel James Nunn Action"
62,Ghost in the Shell,Action Animation Science Fiction,Rupert Sanders,Scarlett Johansson,Michael Pitt,Pilou Asbæk,Scarlett Johansson Michael Pitt Pilou Asbæk Rupert Sanders Action Animation Science Fiction
63,The Boss Baby,Animation Family Adventure,Tom McGrath,Alec Baldwin,Steve Buscemi,Jimmy Kimmel,Alec Baldwin Steve Buscemi Jimmy Kimmel Tom McGrath Animation Family Adventure
64,The Zookeeper's Wife,Drama History War,Niki Caro,Jessica Chastain,Daniel Brühl,Johan Heldenbergh,Jessica Chastain Daniel Brühl Johan Heldenbergh Niki Caro Drama History War
65,The Blackcoat's Daughter,Horror Thriller,Oz Perkins,Emma Roberts,Kiernan Shipka,Lucy Boynton,Emma Roberts Kiernan Shipka Lucy Boynton Oz Perkins Horror Thriller
66,The Discovery,Drama Romance Science Fiction Thriller Mystery,Charlie McDowell,Jason Segel,Rooney Mara,Robert Redford,Jason Segel Rooney Mara Robert Redford Charlie McDowell Drama Romance Science Fiction Thriller Mystery
67,Carrie Pilby,Comedy Drama,Susan Johnson,Susan Johnson (director); Bel Powley,Vanessa Bayer,Colin O'Donoghue,Susan Johnson (director); Bel Powley Vanessa Bayer Colin O'Donoghue Susan Johnson Comedy Drama
68,The Case for Christ,Drama,Jon Gunn,Mike Vogel,Erika Christensen,Frankie Faison,Mike Vogel Erika Christensen Frankie Faison Jon Gunn Drama
69,Smurfs: The Lost Village,Family Adventure Animation Comedy,Kelly Asbury,Demi Lovato,Mandy Patinkin,Jack McBrayer,Demi Lovato Mandy Patinkin Jack McBrayer Kelly Asbury Family Adventure Animation Comedy
70,Going in Style,Crime Comedy,Zach Braff,Morgan Freeman,Michael Caine,Alan Arkin,Morgan Freeman Michael Caine Alan Arkin Zach Braff Crime Comedy
71,Colossal,Drama Fantasy Science Fiction,Nacho Vigalondo,Anne Hathaway,Jason Sudeikis,Dan Stevens,Anne Hathaway Jason Sudeikis Dan Stevens Nacho Vigalondo Drama Fantasy Science Fiction
72,Gifted,Drama Comedy,Marc Webb,Chris Evans,Mckenna Grace,Jenny Slate,Chris Evans Mckenna Grace Jenny Slate Marc Webb Drama Comedy
73,Aftermath,Horror Crime Drama Thriller,Elliott Lester,Arnold Schwarzenegger,Scoot McNairy,Maggie Grace,Arnold Schwarzenegger Scoot McNairy Maggie Grace Elliott Lester Horror Crime Drama Thriller
74,The Fate of the Furious,Action Crime Thriller,F. Gary Gray,Vin Diesel,Dwayne Johnson,Michelle Rodriguez,Vin Diesel Dwayne Johnson Michelle Rodriguez F. Gary Gray Action Crime Thriller
75,Spark,Drama Thriller,Aaron Woodley,Jace Norman,Jessica Biel,Susan Sarandon,Jace Norman Jessica Biel Susan Sarandon Aaron Woodley Drama Thriller
76,The Lost City of Z,Adventure Drama History,James Gray,Charlie Hunnam,Robert Pattinson,Tom Holland,Charlie Hunnam Robert Pattinson Tom Holland James Gray Adventure Drama History
77,My Entire High School Sinking Into the Sea,Animation Comedy Drama,Dash Shaw,Jason Schwartzman,Reggie Watts,Lena Dunham,Jason Schwartzman Reggie Watts Lena Dunham Dash Shaw Animation Comedy Drama
78,The Outcasts,Comedy,Peter Hutchings,Victoria Justice,Eden Sher,Ashley Rickards,Victoria Justice Eden Sher Ashley Rickards Peter Hutchings Comedy
79,Born in China,Documentary,Lu Chuan,John Krasinski (narrator),,,
80,Unforgettable,Drama Thriller,Denise Di Novi,Katherine Heigl,Rosario Dawson,Geoff Stults,Katherine Heigl Rosario Dawson Geoff Stults Denise Di Novi Drama Thriller
81,The Promise,History Romance Drama,Terry George,Oscar Isaac,Charlotte Le Bon,Christian Bale,Oscar Isaac Charlotte Le Bon Christian Bale Terry George History Romance Drama
82,The Circle,Drama Thriller Science Fiction,James Ponsoldt,Dave Eggers (screenplay) Tom Hanks,Emma Watson,John Boyega,Dave Eggers (screenplay) Tom Hanks Emma Watson John Boyega James Ponsoldt Drama Thriller Science Fiction
83,How to Be a Latin Lover,Comedy,Ken Marino,Eugenio Derbez,Salma Hayek,Raphael Alejandro,Eugenio Derbez Salma Hayek Raphael Alejandro Ken Marino Comedy
84,Sleight,Drama Thriller Action Science Fiction,J. D. Dillard,Jacob Latimore,Seychelle Gabriel,Dulé Hill,Jacob Latimore Seychelle Gabriel Dulé Hill J. D. Dillard Drama Thriller Action Science Fiction
85,Becoming Bond,Documentary Comedy,Josh Greenbaum,George Lazenby,Josh Lawson,Kassandra Clementi,George Lazenby Josh Lawson Kassandra Clementi Josh Greenbaum Documentary Comedy
86,Guardians of the Galaxy Vol. 2,Adventure Action Science Fiction,James Gunn,Chris Pratt,Zoe Saldana,Dave Bautista,Chris Pratt Zoe Saldana Dave Bautista James Gunn Adventure Action Science Fiction
87,The Lovers,Action Adventure Science Fiction Romance,Azazel Jacobs,Debra Winger,Tracy Letts,Aidan Gillen,Debra Winger Tracy Letts Aidan Gillen Azazel Jacobs Action Adventure Science Fiction Romance
88,3 Generations,Comedy Drama,Gaby Dellal,Naomi Watts,Elle Fanning,Susan Sarandon,Naomi Watts Elle Fanning Susan Sarandon Gaby Dellal Comedy Drama
89,King Arthur: Legend of the Sword,Action Drama Fantasy,Guy Ritchie,Charlie Hunnam,Jude Law,Àstrid Bergès-Frisbey,Charlie Hunnam Jude Law Àstrid Bergès-Frisbey Guy Ritchie Action Drama Fantasy
90,Snatched,Action Comedy,Jonathan Levine,Amy Schumer,Goldie Hawn,Christopher Meloni,Amy Schumer Goldie Hawn Christopher Meloni Jonathan Levine Action Comedy
91,Lowriders,Drama Action Crime,Ricardo de Montreuil,Demián Bichir,Gabriel Chavarria,Theo Rossi,Demián Bichir Gabriel Chavarria Theo Rossi Ricardo de Montreuil Drama Action Crime
92,The Wall,War Thriller Drama,Doug Liman,Aaron Taylor-Johnson,John Cena,,
93,Paris Can Wait,Romance Comedy Drama,Eleanor Coppola,Diane Lane,Alec Baldwin,Arnaud Viard,Diane Lane Alec Baldwin Arnaud Viard Eleanor Coppola Romance Comedy Drama
94,Alien: Covenant,Science Fiction Horror Mystery,Ridley Scott,Michael Fassbender,Katherine Waterston,Demián Bichir,Michael Fassbender Katherine Waterston Demián Bichir Ridley Scott Science Fiction Horror Mystery
95,Diary of a Wimpy Kid: The Long Haul,Comedy Family,David Bowers,Jason Ian Drucker,Owen Asztalos,Charlie Wright,Jason Ian Drucker Owen Asztalos Charlie Wright David Bowers Comedy Family
96,"Everything, Everything",Drama Romance,Stella Meghie,Amandla Stenberg,Nick Robinson,Anika Noni Rose,Amandla Stenberg Nick Robinson Anika Noni Rose Stella Meghie Drama Romance
97,Wakefield,Drama,Robin Swicord,Bryan Cranston,Jennifer Garner,Beverly D'Angelo,Bryan Cranston Jennifer Garner Beverly D'Angelo Robin Swicord Drama
98,Baywatch,Comedy Action Crime,Seth Gordon,Dwayne Johnson,Zac Efron,Priyanka Chopra,Dwayne Johnson Zac Efron Priyanka Chopra Seth Gordon Comedy Action Crime
99,Pirates of the Caribbean: Dead Men Tell No Tales,Adventure Action Fantasy,"Joachim Rønning, Espen Sandberg",Johnny Depp,Javier Bardem,Geoffrey Rush,"Johnny Depp Javier Bardem Geoffrey Rush Joachim Rønning, Espen Sandberg Adventure Action Fantasy"
100,Buena Vista Social Club: Adios,Documentary Music,Lucy Walker,Lucy Walker (director),,,
101,War Machine,Comedy Drama War,David Michôd,Michael Hastings (book); Brad Pitt,Anthony Michael Hall,Topher Grace,Michael Hastings (book); Brad Pitt Anthony Michael Hall Topher Grace David Michôd Comedy Drama War
102,Wonder Woman,Action Adventure Fantasy,Patty Jenkins,Gal Gadot,Chris Pine,Connie Nielsen,Gal Gadot Chris Pine Connie Nielsen Patty Jenkins Action Adventure Fantasy
103,Captain Underpants: The First Epic Movie,Action Animation Comedy Family,David Soren,Kevin Hart,Ed Helms,Thomas Middleditch,Kevin Hart Ed Helms Thomas Middleditch David Soren Action Animation Comedy Family
104,Dean,Romance Comedy,Demetri Martin,Demetri Martin,Kevin Kline,Gillian Jacobs,Demetri Martin Kevin Kline Gillian Jacobs Demetri Martin Romance Comedy
105,The Mummy,Adventure Action Fantasy,Alex Kurtzman,Tom Cruise,Russell Crowe,Sofia Boutella,Tom Cruise Russell Crowe Sofia Boutella Alex Kurtzman Adventure Action Fantasy
106,It Comes at Night,Drama Horror Mystery,Trey Edward Shults,Joel Edgerton,Riley Keough,Christopher Abbott,Joel Edgerton Riley Keough Christopher Abbott Trey Edward Shults Drama Horror Mystery
107,My Cousin Rachel,Drama Romance,Roger Michell,Rachel Weisz,Sam Claflin,Iain Glen,Rachel Weisz Sam Claflin Iain Glen Roger Michell Drama Romance
108,Megan Leavey,Drama War,Gabriela Cowperthwaite,Kate Mara,Edie Falco,Common,Kate Mara Edie Falco Common Gabriela Cowperthwaite Drama War
109,Beatriz at Dinner,Comedy Drama,Miguel Arteta,Salma Hayek,Chloë Sevigny,Connie Britton,Salma Hayek Chloë Sevigny Connie Britton Miguel Arteta Comedy Drama
110,Cars 3,Animation Adventure Comedy Family,Brian Fee,Owen Wilson,Cristela Alonzo,Chris Cooper,Owen Wilson Cristela Alonzo Chris Cooper Brian Fee Animation Adventure Comedy Family
111,Rough Night,Drama Comedy,Lucia Aniello,Scarlett Johansson,Zoë Kravitz,Kate McKinnon,Scarlett Johansson Zoë Kravitz Kate McKinnon Lucia Aniello Drama Comedy
112,All Eyez on Me,Drama Music,Benny Boom,Demetrius Shipp Jr.,Kat Graham,Lauren Cohan,Demetrius Shipp Jr. Kat Graham Lauren Cohan Benny Boom Drama Music
113,47 Meters Down,Horror Thriller Adventure,Johannes Roberts,Mandy Moore,Claire Holt,Matthew Modine,Mandy Moore Claire Holt Matthew Modine Johannes Roberts Horror Thriller Adventure
114,The Book of Henry,Drama Crime Thriller,Colin Trevorrow,Naomi Watts,Jacob Tremblay,Jaeden Lieberher,Naomi Watts Jacob Tremblay Jaeden Lieberher Colin Trevorrow Drama Crime Thriller
115,Once Upon a Time in Venice,Action Comedy Thriller Mystery,Mark Cullen,Bruce Willis,Jason Momoa,John Goodman,Bruce Willis Jason Momoa John Goodman Mark Cullen Action Comedy Thriller Mystery
116,Transformers: The Last Knight,Action Adventure Science Fiction,Michael Bay,Mark Wahlberg,Josh Duhamel,Anthony Hopkins,Mark Wahlberg Josh Duhamel Anthony Hopkins Michael Bay Action Adventure Science Fiction
117,The Beguiled,Drama,Sofia Coppola,Colin Farrell,Nicole Kidman,Kirsten Dunst,Colin Farrell Nicole Kidman Kirsten Dunst Sofia Coppola Drama
118,The Big Sick,Comedy Drama Romance,Michael Showalter,Kumail Nanjiani,Zoe Kazan,Holly Hunter,Kumail Nanjiani Zoe Kazan Holly Hunter Michael Showalter Comedy Drama Romance
119,The Bad Batch,Drama Horror Science Fiction,Ana Lily Amirpour,Suki Waterhouse,Jason Momoa,Giovanni Ribisi,Suki Waterhouse Jason Momoa Giovanni Ribisi Ana Lily Amirpour Drama Horror Science Fiction
120,Baby Driver,Action Crime,Edgar Wright,Ansel Elgort,Lily James,Jamie Foxx,Ansel Elgort Lily James Jamie Foxx Edgar Wright Action Crime
121,Okja,Adventure Drama Science Fiction Fantasy,Bong Joon-ho,Tilda Swinton,Paul Dano,Ahn Seo-hyun,Tilda Swinton Paul Dano Ahn Seo-hyun Bong Joon-ho Adventure Drama Science Fiction Fantasy
122,Despicable Me 3,Action Animation Comedy Family Adventure,"Pierre Coffin, Kyle Balda",Steve Carell,Kristen Wiig,Trey Parker,"Steve Carell Kristen Wiig Trey Parker Pierre Coffin, Kyle Balda Action Animation Comedy Family Adventure"
123,The House,Animation Drama Comedy Horror Fantasy,Andrew J. Cohen,Will Ferrell,Amy Poehler,Ryan Simpkins,Will Ferrell Amy Poehler Ryan Simpkins Andrew J. Cohen Animation Drama Comedy Horror Fantasy
124,The Little Hours,Comedy,Jeff Baena,Alison Brie,Dave Franco,Kate Micucci,Alison Brie Dave Franco Kate Micucci Jeff Baena Comedy
125,Inconceivable,Thriller Drama,Jonathan Baker,Nicolas Cage,Faye Dunaway,Gina Gershon,Nicolas Cage Faye Dunaway Gina Gershon Jonathan Baker Thriller Drama
126,2:22,Science Fiction Mystery Thriller Romance,Paul Currie,Michiel Huisman,Teresa Palmer,Sam Reid,Michiel Huisman Teresa Palmer Sam Reid Paul Currie Science Fiction Mystery Thriller Romance
127,A Ghost Story,Drama Fantasy,David Lowery,Casey Affleck,Rooney Mara,,
128,Spider-Man: Homecoming,Action Adventure Science Fiction Drama,Jon Watts,Tom Holland,Michael Keaton,Jon Favreau,Tom Holland Michael Keaton Jon Favreau Jon Watts Action Adventure Science Fiction Drama
129,War for the Planet of the Apes,Drama Science Fiction War,Matt Reeves,Andy Serkis,Gabriel Chavarria,Woody Harrelson,Andy Serkis Gabriel Chavarria Woody Harrelson Matt Reeves Drama Science Fiction War
130,Wish Upon,Horror Thriller Fantasy,John Leonetti,Joey King,Ryan Phillippe,Ki Hong Lee,Joey King Ryan Phillippe Ki Hong Lee John Leonetti Horror Thriller Fantasy
131,Dunkirk,War Action Drama,Christopher Nolan,Fionn Whitehead,Tom Glynn-Carney,Aneurin Barnard,Fionn Whitehead Tom Glynn-Carney Aneurin Barnard Christopher Nolan War Action Drama
132,Girls Trip,Comedy,Malcolm D. Lee,Regina Hall,Queen Latifah,Jada Pinkett Smith,Regina Hall Queen Latifah Jada Pinkett Smith Malcolm D. Lee Comedy
133,First Kill,Horror Thriller,Steven C. Miller,Hayden Christensen,Bruce Willis,Gethin Anthony,Hayden Christensen Bruce Willis Gethin Anthony Steven C. Miller Horror Thriller
134,Atomic Blonde,Action Thriller,David Leitch,Charlize Theron,James McAvoy,John Goodman,Charlize Theron James McAvoy John Goodman David Leitch Action Thriller
135,The Emoji Movie,Animation Family Comedy,Tony Leondis,T. J. Miller,James Corden,Anna Faris,T. J. Miller James Corden Anna Faris Tony Leondis Animation Family Comedy
136,An Inconvenient Sequel: Truth to Power,Documentary,"Bonni Cohen, Jon Shenk",Bonni Cohen,Jon Shenk (director); Al Gore,,
137,Detroit,Crime Drama Thriller History,Kathryn Bigelow,John Boyega,Will Poulter,Algee Smith,John Boyega Will Poulter Algee Smith Kathryn Bigelow Crime Drama Thriller History
138,Brigsby Bear,Comedy Drama,Dave McCary,Kyle Mooney,Mark Hamill,Claire Danes,Kyle Mooney Mark Hamill Claire Danes Dave McCary Comedy Drama
139,Menashe,Drama,Joshua Z. Weinstein,Menashe Lustig,Ruben Nidorski,Yoel Weisshaus,Menashe Lustig Ruben Nidorski Yoel Weisshaus Joshua Z. Weinstein Drama
140,The Dark Tower,Fantasy Action Science Fiction,Nikolaj Arcel,Idris Elba,Matthew McConaughey,Tom Taylor,Idris Elba Matthew McConaughey Tom Taylor Nikolaj Arcel Fantasy Action Science Fiction
141,Kidnap,Drama Thriller,Luis Prieto,Halle Berry,Sage Correa,Lew Temple,Halle Berry Sage Correa Lew Temple Luis Prieto Drama Thriller
142,Step,Documentary,Amanda Lipitz,Amanda Lipitz (director); Blessin Giraldo,Cori Grainger,Tayla Solomon,Amanda Lipitz (director); Blessin Giraldo Cori Grainger Tayla Solomon Amanda Lipitz Documentary
143,Wind River,Crime Drama Mystery Thriller,Taylor Sheridan,Jeremy Renner,Elizabeth Olsen,,
144,Armed Response,Action Horror Thriller,John Stockwell,Wesley Snipes,Anne Heche,Dave Annable,Wesley Snipes Anne Heche Dave Annable John Stockwell Action Horror Thriller
145,Annabelle: Creation,Horror Mystery Thriller,David F. Sandberg,Stephanie Sigman,Talitha Bateman,Anthony LaPaglia,Stephanie Sigman Talitha Bateman Anthony LaPaglia David F. Sandberg Horror Mystery Thriller
146,The Glass Castle,Drama,Destin Daniel Cretton,Brie Larson,Naomi Watts,Max Greenfield,Brie Larson Naomi Watts Max Greenfield Destin Daniel Cretton Drama
147,The Nut Job 2: Nutty by Nature,Animation Family Adventure Comedy,Cal Brunker,Will Arnett,Katherine Heigl,Maya Rudolph,Will Arnett Katherine Heigl Maya Rudolph Cal Brunker Animation Family Adventure Comedy
148,Good Time,Thriller Crime,Ben Safdie & Joshua Safdie,Robert Pattinson,Jennifer Jason Leigh,Ben Safdie,Robert Pattinson Jennifer Jason Leigh Ben Safdie Ben Safdie & Joshua Safdie Thriller Crime
149,Ingrid Goes West,Comedy Drama,Matt Spicer,Aubrey Plaza,Elizabeth Olsen,O'Shea Jackson Jr.,Aubrey Plaza Elizabeth Olsen O'Shea Jackson Jr. Matt Spicer Comedy Drama
150,The Only Living Boy in New York,Drama,Marc Webb,Callum Turner,Kate Beckinsale,Pierce Brosnan,Callum Turner Kate Beckinsale Pierce Brosnan Marc Webb Drama
151,The Hitman's Bodyguard,Action Comedy,Patrick Hughes,Ryan Reynolds,Samuel L. Jackson,Gary Oldman,Ryan Reynolds Samuel L. Jackson Gary Oldman Patrick Hughes Action Comedy
152,Logan Lucky,Comedy Crime Action Drama,Steven Soderbergh,Channing Tatum,Adam Driver,Riley Keough,Channing Tatum Adam Driver Riley Keough Steven Soderbergh Comedy Crime Action Drama
153,Patti Cake$,Music Drama,Geremy Jasper,Danielle Macdonald,McCaul Lombardi,,
154,Victor Crowley,Comedy Horror,Adam Green,Kane Hodder,Tyler Mane,Parry Shen,Kane Hodder Tyler Mane Parry Shen Adam Green Comedy Horror
155,All Saints,Drama Comedy,Steve Gomer,John Corbett,Cara Buono,,
156,Served Like a Girl,Documentary,Lysa Heslov,Lysa Heslov (director),,,
157,Beach Rats,Drama Romance,Eliza Hittman,Harris Dickinson,Madeline Weinstein,Kate Hodge,Harris Dickinson Madeline Weinstein Kate Hodge Eliza Hittman Drama Romance
158,Film Stars Don't Die in Liverpool,Romance Drama,Paul McGuigan,Annette Bening,Jamie Bell,Vanessa Redgrave,Annette Bening Jamie Bell Vanessa Redgrave Paul McGuigan Romance Drama
159,Tulip Fever,Drama Romance,Justin Chadwick,Alicia Vikander,Dane DeHaan,Christoph Waltz,Alicia Vikander Dane DeHaan Christoph Waltz Justin Chadwick Drama Romance
160,Unlocked,Action Thriller,Michael Apted,Noomi Rapace,Orlando Bloom,Toni Collette,Noomi Rapace Orlando Bloom Toni Collette Michael Apted Action Thriller
161,It,Horror Fantasy,Andy Muschietti,Jaeden Lieberher,Bill Skarsgård,Sophia Lillis,Jaeden Lieberher Bill Skarsgård Sophia Lillis Andy Muschietti Horror Fantasy
162,Home Again,Comedy Drama Romance,Hallie Meyers-Shyer,Reese Witherspoon,Candice Bergen,Michael Sheen,Reese Witherspoon Candice Bergen Michael Sheen Hallie Meyers-Shyer Comedy Drama Romance
163,9/11,Drama Thriller,Martin Guigui,Charlie Sheen,Gina Gershon,"Luis Guzmán,Whoopi Goldberg","Charlie Sheen Gina Gershon Luis Guzmán,Whoopi Goldberg Martin Guigui Drama Thriller"
164,The Good Catholic,Drama Comedy,Paul Shoulberg,Zachary Spicer,Wrenn Schmidt,John C. McGinley,Zachary Spicer Wrenn Schmidt John C. McGinley Paul Shoulberg Drama Comedy
165,Gun Shy,Action Adventure Comedy Crime Thriller,Simon West,Antonio Banderas,Olga Kurylenko,,
166,Fallen,TV Movie Drama Fantasy,Scott Hicks,Addison Timlin,Jeremy Irvine,,
167,American Assassin,Action Thriller,Michael Cuesta,Dylan O'Brien,Michael Keaton,Sanaa Lathan,Dylan O'Brien Michael Keaton Sanaa Lathan Michael Cuesta Action Thriller
168,Mother!,Romance,Darren Aronofsky,Jennifer Lawrence,Javier Bardem,Michelle Pfeiffer,Jennifer Lawrence Javier Bardem Michelle Pfeiffer Darren Aronofsky Romance
169,Brad's Status,Comedy Drama,Mike White,Ben Stiller,Michael Sheen,Luke Wilson,Ben Stiller Michael Sheen Luke Wilson Mike White Comedy Drama
170,Kingsman: The Golden Circle,Action Adventure Comedy,Matthew Vaughn,Colin Firth,Julianne Moore,Taron Egerton,Colin Firth Julianne Moore Taron Egerton Matthew Vaughn Action Adventure Comedy
171,The Lego Ninjago Movie,Family Animation Action Adventure Comedy,Charlie Bean,Jackie Chan,Justin Theroux,Dave Franco,Jackie Chan Justin Theroux Dave Franco Charlie Bean Family Animation Action Adventure Comedy
172,Stronger,Drama,David Gordon Green,Jake Gyllenhaal,Tatiana Maslany,Miranda Richardson,Jake Gyllenhaal Tatiana Maslany Miranda Richardson David Gordon Green Drama
173,Battle of the Sexes,Comedy Drama History,Jonathan Dayton and Valerie Faris,Emma Stone,Steve Carell,Andrea Riseborough,Emma Stone Steve Carell Andrea Riseborough Jonathan Dayton and Valerie Faris Comedy Drama History
174,Woodshock,Drama Thriller,"Kate and Laura Mulleavy (directors/screenplay); Kirsten Dunst, Joe Cole, Pilou Asbæk, Lorelei Linklater, Jack Kilmer",Kirsten Dunst,Joe Cole,Pilou Asbæk,"Kirsten Dunst Joe Cole Pilou Asbæk Kate and Laura Mulleavy (directors/screenplay); Kirsten Dunst, Joe Cole, Pilou Asbæk, Lorelei Linklater, Jack Kilmer Drama Thriller"
175,Victoria & Abdul,Drama History,Stephen Frears,Judi Dench,Ali Fazal,Eddie Izzard,Judi Dench Ali Fazal Eddie Izzard Stephen Frears Drama History
176,(Romance) in the Digital Age,Comedy,Jason Michael Brescia,Jason Michael Brescia (director); Lauren Pritchard,Chris Warren Jr.,Joe Murphy,Jason Michael Brescia (director); Lauren Pritchard Chris Warren Jr. Joe Murphy Jason Michael Brescia Comedy
177,Jeepers Creepers 3,Horror Mystery Thriller,Victor Salva,Jonathan Breck,Meg Foster,Brandon James,Jonathan Breck Meg Foster Brandon James Victor Salva Horror Mystery Thriller
178,American Made,Action Comedy Crime Drama Thriller,Doug Liman,Tom Cruise,Domhnall Gleeson,Sarah Wright,Tom Cruise Domhnall Gleeson Sarah Wright Doug Liman Action Comedy Crime Drama Thriller
179,Flatliners,Drama Horror Thriller,Niels Arden Oplev,Elliot Page,Diego Luna,Nina Dobrev,Elliot Page Diego Luna Nina Dobrev Niels Arden Oplev Drama Horror Thriller
180,Mark Felt: The Man Who Brought Down the White House,Drama History Thriller,Peter Landesman,Liam Neeson,Diane Lane,Marton Csokas,Liam Neeson Diane Lane Marton Csokas Peter Landesman Drama History Thriller
181,Blade Runner 2049,Science Fiction Drama,Denis Villeneuve,Harrison Ford,Ryan Gosling,Ana de Armas,Harrison Ford Ryan Gosling Ana de Armas Denis Villeneuve Science Fiction Drama
182,The Mountain Between Us,Drama Adventure Romance,Hany Abu-Assad,Idris Elba,Kate Winslet,Dermot Mulroney,Idris Elba Kate Winslet Dermot Mulroney Hany Abu-Assad Drama Adventure Romance
183,My Little Pony: The Movie,Family Animation Music Adventure Fantasy,Jayson Thiessen,Tara Strong,Ashleigh Ball,Andrea Libman,Tara Strong Ashleigh Ball Andrea Libman Jayson Thiessen Family Animation Music Adventure Fantasy
184,The Florida Project,Drama,Sean Baker,Willem Dafoe,Bria Vinaite,Brooklynn Prince,Willem Dafoe Bria Vinaite Brooklynn Prince Sean Baker Drama
185,Brawl in Cell Block 99,Action Crime Thriller,S. Craig Zahler,Vince Vaughn,Jennifer Carpenter,Don Johnson,Vince Vaughn Jennifer Carpenter Don Johnson S. Craig Zahler Action Crime Thriller
186,Happy Death Day,Horror Mystery Comedy,Christopher B. Landon,Jessica Rothe,Israel Broussard,Ruby Modine,Jessica Rothe Israel Broussard Ruby Modine Christopher B. Landon Horror Mystery Comedy
187,Marshall,Drama,Reginald Hudlin,Chadwick Boseman,Josh Gad,Kate Hudson,Chadwick Boseman Josh Gad Kate Hudson Reginald Hudlin Drama
188,Breathe,Drama Romance,Andy Serkis,Andrew Garfield,Claire Foy,Tom Hollander,Andrew Garfield Claire Foy Tom Hollander Andy Serkis Drama Romance
189,Goodbye Christopher Robin,Family History Drama,Simon Curtis,Domhnall Gleeson,Margot Robbie,Kelly Macdonald,Domhnall Gleeson Margot Robbie Kelly Macdonald Simon Curtis Family History Drama
190,Professor Marston and the Wonder Women,Drama Romance,Angela Robinson,Luke Evans,Rebecca Hall,Bella Heathcote,Luke Evans Rebecca Hall Bella Heathcote Angela Robinson Drama Romance
191,Blood Money,Drama Action Thriller,Lucky McKee,John Cusack,Ellar Coltrane,Willa Fitzgerald,John Cusack Ellar Coltrane Willa Fitzgerald Lucky McKee Drama Action Thriller
192,Geostorm,Action Science Fiction Thriller,Dean Devlin,Gerard Butler,Abbie Cornish,Alexandra Lara,Gerard Butler Abbie Cornish Alexandra Lara Dean Devlin Action Science Fiction Thriller
193,Only the Brave,Drama Action History,Joseph Kosinski,Ben Hardy,Jennifer Connelly,Taylor Kitsch,Ben Hardy Jennifer Connelly Taylor Kitsch Joseph Kosinski Drama Action History
194,The Snowman,Crime Thriller,Tomas Alfredson,Michael Fassbender,Rebecca Ferguson,Charlotte Gainsbourg,Michael Fassbender Rebecca Ferguson Charlotte Gainsbourg Tomas Alfredson Crime Thriller
195,Boo 2! A Madea Halloween,Horror Comedy,Tyler Perry,Tyler Perry,Cassi Davis,Patrice Lovely,Tyler Perry Cassi Davis Patrice Lovely Tyler Perry Horror Comedy
196,Same Kind of Different as Me,Drama,Michael Carney,Renée Zellweger,Jon Voight,Djimon Hounsou,Renée Zellweger Jon Voight Djimon Hounsou Michael Carney Drama
197,Leatherface,Horror Thriller Mystery,Julien Maury and Alexandre Bustillo,Stephen Dorff,Vanessa Grasse,Sam Strike,Stephen Dorff Vanessa Grasse Sam Strike Julien Maury and Alexandre Bustillo Horror Thriller Mystery
198,Wonderstruck,Drama,Todd Haynes,Oakes Fegley,Julianne Moore,Millicent Simmonds,Oakes Fegley Julianne Moore Millicent Simmonds Todd Haynes Drama
199,The Killing of a Sacred Deer,Drama Thriller Mystery,Yorgos Lanthimos,Colin Farrell,Nicole Kidman,Barry Keoghan,Colin Farrell Nicole Kidman Barry Keoghan Yorgos Lanthimos Drama Thriller Mystery
200,Thank You for Your Service,Drama War,Jason Hall,Miles Teller,Haley Bennett,Beulah Koale,Miles Teller Haley Bennett Beulah Koale Jason Hall Drama War
201,Suburbicon,Thriller Crime Drama Mystery,George Clooney,Matt Damon,Julianne Moore,Oscar Isaac,Matt Damon Julianne Moore Oscar Isaac George Clooney Thriller Crime Drama Mystery
202,Jigsaw,Horror Crime Mystery Thriller,The Spierig Brothers,Tobin Bell,Mandela Van Peebles,Laura Vandervoort,Tobin Bell Mandela Van Peebles Laura Vandervoort The Spierig Brothers Horror Crime Mystery Thriller
203,Novitiate,Drama,Maggie Betts,Margaret Qualley,Melissa Leo,Morgan Saylor,Margaret Qualley Melissa Leo Morgan Saylor Maggie Betts Drama
204,All I See Is You,Mystery Thriller Drama,Marc Forster,Marc Forster (director); Blake Lively,Jason Clarke,Yvonne Strahovski,Marc Forster (director); Blake Lively Jason Clarke Yvonne Strahovski Marc Forster Mystery Thriller Drama
205,Amityville: The Awakening,Thriller Horror,Franck Khalfoun,Bella Thorne,Jennifer Jason Leigh,Cameron Monaghan,Bella Thorne Jennifer Jason Leigh Cameron Monaghan Franck Khalfoun Thriller Horror
206,Thor: Ragnarok,Action Adventure Fantasy Science Fiction Comedy,Taika Waititi,Chris Hemsworth,Tom Hiddleston,Cate Blanchett,Chris Hemsworth Tom Hiddleston Cate Blanchett Taika Waititi Action Adventure Fantasy Science Fiction Comedy
207,A Bad Moms Christmas,Comedy,Jon Lucas,Mila Kunis,Kristen Bell,Kathryn Hahn,Mila Kunis Kristen Bell Kathryn Hahn Jon Lucas Comedy
208,Last Flag Flying,Drama Comedy,Richard Linklater,Steve Carell,Bryan Cranston,Laurence Fishburne,Steve Carell Bryan Cranston Laurence Fishburne Richard Linklater Drama Comedy
209,Lady Bird,Drama Comedy,Greta Gerwig,Saoirse Ronan,Laurie Metcalf,Tracy Letts,Saoirse Ronan Laurie Metcalf Tracy Letts Greta Gerwig Drama Comedy
210,Murder on the Orient Express,Drama Mystery Crime,Kenneth Branagh,Kenneth Branagh,Penélope Cruz,Willem Dafoe,Kenneth Branagh Penélope Cruz Willem Dafoe Kenneth Branagh Drama Mystery Crime
211,Daddy's Home 2,Comedy,Sean Anders,Will Ferrell,Mark Wahlberg,Linda Cardellini,Will Ferrell Mark Wahlberg Linda Cardellini Sean Anders Comedy
212,LBJ,Drama History,Rob Reiner,Woody Harrelson,Richard Jenkins,Bill Pullman,Woody Harrelson Richard Jenkins Bill Pullman Rob Reiner Drama History
213,"Three Billboards Outside Ebbing, Missouri",Crime Drama,Martin McDonagh,Frances McDormand,Woody Harrelson,Sam Rockwell,Frances McDormand Woody Harrelson Sam Rockwell Martin McDonagh Crime Drama
214,Mayhem,Action Comedy Horror,Joe Lynch,Steven Yeun,Samara Weaving,Steven Brand,Steven Yeun Samara Weaving Steven Brand Joe Lynch Action Comedy Horror
215,Justice League,Action Adventure Science Fiction,Zack Snyder,Ben Affleck,Henry Cavill,Gal Gadot,Ben Affleck Henry Cavill Gal Gadot Zack Snyder Action Adventure Science Fiction
216,The Star,Comedy Adventure Family Fantasy Animation,Timothy Reckart,Steven Yeun,Gina Rodriguez,Zachary Levi,Steven Yeun Gina Rodriguez Zachary Levi Timothy Reckart Comedy Adventure Family Fantasy Animation
217,Wonder,Drama Family,Stephen Chbosky,Julia Roberts,Jacob Tremblay,Owen Wilson,Julia Roberts Jacob Tremblay Owen Wilson Stephen Chbosky Drama Family
218,Cook Off!,Comedy,Cathryn Michon (director/screenplay); Guy Shalem,Cathryn Michon,Melissa McCarthy,Wendi McLendon-Covey,Cathryn Michon Melissa McCarthy Wendi McLendon-Covey Cathryn Michon (director/screenplay); Guy Shalem Comedy
219,Mr. Roosevelt,Comedy,Noël Wells,Noël Wells,Nick Thune,Britt Lower,Noël Wells Nick Thune Britt Lower Noël Wells Comedy
220,"Roman J. Israel, Esq.",Drama Crime Thriller,Dan Gilroy,Dan Gilroy (director/screenplay),Denzel Washington,Colin Farrell,Dan Gilroy (director/screenplay) Denzel Washington Colin Farrell Dan Gilroy Drama Crime Thriller
221,Coco,Family Animation Fantasy Music Comedy Adventure,Lee Unkrich,Anthony Gonzalez,Gael García Bernal,Benjamin Bratt,Anthony Gonzalez Gael García Bernal Benjamin Bratt Lee Unkrich Family Animation Fantasy Music Comedy Adventure
222,Darkest Hour,Drama History,Joe Wright,Gary Oldman,Ben Mendelsohn,Kristin Scott Thomas,Gary Oldman Ben Mendelsohn Kristin Scott Thomas Joe Wright Drama History
223,The Man Who Invented Christmas,Drama History Comedy Family,Bharat Nalluri,Dan Stevens,Christopher Plummer,Jonathan Pryce,Dan Stevens Christopher Plummer Jonathan Pryce Bharat Nalluri Drama History Comedy Family
224,Call Me by Your Name,Romance Drama,Luca Guadagnino,Timothée Chalamet,Armie Hammer,Michael Stuhlbarg,Timothée Chalamet Armie Hammer Michael Stuhlbarg Luca Guadagnino Romance Drama
225,The Disaster Artist,Comedy Drama,James Franco,James Franco,Dave Franco,Seth Rogen,James Franco Dave Franco Seth Rogen James Franco Comedy Drama
226,The Shape of Water,Drama Fantasy Romance,Guillermo del Toro,Sally Hawkins,Michael Shannon,Richard Jenkins,Sally Hawkins Michael Shannon Richard Jenkins Guillermo del Toro Drama Fantasy Romance
227,Wonder Wheel,Drama Romance,Woody Allen,Kate Winslet,Justin Timberlake,Juno Temple,Kate Winslet Justin Timberlake Juno Temple Woody Allen Drama Romance
228,"I, Tonya",Drama,Craig Gillespie,Margot Robbie,Sebastian Stan,Allison Janney,Margot Robbie Sebastian Stan Allison Janney Craig Gillespie Drama
229,Just Getting Started,Action Comedy,Ron Shelton,Morgan Freeman,Tommy Lee Jones,Rene Russo,Morgan Freeman Tommy Lee Jones Rene Russo Ron Shelton Action Comedy
230,Star Wars: The Last Jedi,Adventure Action Science Fiction,Rian Johnson,Mark Hamill,Carrie Fisher,Adam Driver,Mark Hamill Carrie Fisher Adam Driver Rian Johnson Adventure Action Science Fiction
231,Ferdinand,Animation Family Adventure Comedy,Carlos Saldanha,John Cena,Kate McKinnon,Bobby Cannavale,John Cena Kate McKinnon Bobby Cannavale Carlos Saldanha Animation Family Adventure Comedy
232,Beyond Skyline,Action Science Fiction Adventure Horror,Liam O'Donnell,Frank Grillo,Bojana Novakovic,Callan Mulvey,Frank Grillo Bojana Novakovic Callan Mulvey Liam O'Donnell Action Science Fiction Adventure Horror
233,Christmas Inheritance,Romance Comedy,Ernie Barbarash,Eliza Taylor,Jake Lacy,Andie MacDowell,Eliza Taylor Jake Lacy Andie MacDowell Ernie Barbarash Romance Comedy
234,Jumanji: Welcome to the Jungle,Adventure Action Comedy Fantasy,Jake Kasdan,Dwayne Johnson,Kevin Hart,Jack Black,Dwayne Johnson Kevin Hart Jack Black Jake Kasdan Adventure Action Comedy Fantasy
235,The Greatest Showman,Drama,Michael Gracey,Hugh Jackman,Zac Efron,Rebecca Ferguson,Hugh Jackman Zac Efron Rebecca Ferguson Michael Gracey Drama
236,Pitch Perfect 3,Comedy Music,Trish Sie,Anna Kendrick,Anna Camp,Rebel Wilson,Anna Kendrick Anna Camp Rebel Wilson Trish Sie Comedy Music
237,Downsizing,Comedy Drama Science Fiction,Alexander Payne,Matt Damon,Christoph Waltz,Hong Chau,Matt Damon Christoph Waltz Hong Chau Alexander Payne Comedy Drama Science Fiction
238,Father Figures,Comedy,Lawrence Sher,Owen Wilson,Ed Helms,J. K. Simmons,Owen Wilson Ed Helms J. K. Simmons Lawrence Sher Comedy
239,The Post,Drama History,Steven Spielberg,Tom Hanks,Meryl Streep,Sarah Paulson,Tom Hanks Meryl Streep Sarah Paulson Steven Spielberg Drama History
240,Bright,Fantasy Action Thriller,David Ayer,Will Smith,Joel Edgerton,Noomi Rapace,Will Smith Joel Edgerton Noomi Rapace David Ayer Fantasy Action Thriller
241,Crooked House,Drama Mystery Crime,Gilles Paquet-Brenner,Max Irons,Glenn Close,Gillian Anderson,Max Irons Glenn Close Gillian Anderson Gilles Paquet-Brenner Drama Mystery Crime
242,Hostiles,Western Drama History,Scott Cooper,Christian Bale,Rosamund Pike,Wes Studi,Christian Bale Rosamund Pike Wes Studi Scott Cooper Western Drama History
243,All the Money in the World,Thriller Drama Crime History,Ridley Scott,Michelle Williams,Mark Wahlberg,Christopher Plummer,Michelle Williams Mark Wahlberg Christopher Plummer Ridley Scott Thriller Drama Crime History
244,Molly's Game,Drama Crime,Aaron Sorkin,Jessica Chastain,Idris Elba,Kevin Costner,Jessica Chastain Idris Elba Kevin Costner Aaron Sorkin Drama Crime
245,Phantom Thread,Drama Romance,Paul Thomas Anderson,Daniel Day-Lewis,Lesley Manville,Vicky Krieps,Daniel Day-Lewis Lesley Manville Vicky Krieps Paul Thomas Anderson Drama Romance
